{
  "val_acc": 0.9059633027522935,
  "val_f1": 0.9086859688195991,
  "loss": 0.26747509837150574,
  "best_epoch": 2,
  "max_allocated_vram_mb": 1100.57763671875,
  "avg_step_time_ms": 77.89296517745899
}