{
  "val_acc": 0.86864,
  "val_f1": 0.8709525306507387,
  "loss": 0.3021852374076843,
  "best_epoch": 2,
  "max_allocated_vram_mb": 1100.57763671875,
  "avg_step_time_ms": 78.71100030033847
}