{
  "val_acc": 0.86964,
  "val_f1": 0.8715361267688911,
  "loss": 0.3026007115840912,
  "best_epoch": 3,
  "max_allocated_vram_mb": 834.95556640625,
  "avg_step_time_ms": 79.10887852841843,
  "sparse_method": "prune",
  "final_sparsity": 0.5,
  "nonzero_params": 147456,
  "total_lora_params": 294912,
  "prune_ratio": 0.5
}