{
  "val_acc": 0.9059633027522935,
  "val_f1": 0.9088888888888889,
  "loss": 0.2594650983810425,
  "best_epoch": 2,
  "max_allocated_vram_mb": 1100.5791015625,
  "avg_step_time_ms": 86.68888665718025,
  "sparse_method": "l1",
  "final_sparsity": 0.0009867350260416667,
  "nonzero_params": 294621,
  "total_lora_params": 294912,
  "l1_lambda": "1e-5"
}