{
  "val_acc": 0.9048165137614679,
  "val_f1": 0.9055745164960182,
  "loss": 0.2729773223400116,
  "best_epoch": 2,
  "max_allocated_vram_mb": 833.83056640625,
  "avg_step_time_ms": 78.8824162026388,
  "sparse_method": "prune",
  "final_sparsity": 0.3000013563368056,
  "nonzero_params": 206438,
  "total_lora_params": 294912,
  "prune_ratio": 0.3
}